category,fraudes_por_Categoria
entertainment,0.031041833200106582
food_dining,0.02011723954169997
gas_transport,0.08233413269384493
grocery_net,0.017852384758859578
grocery_pos,0.2322142286171063
health_fitness,0.01771915800692779
home,0.026378896882494004
kids_pets,0.03184119371169731
misc_net,0.12190247801758593
misc_pos,0.033306687982946975
personal_care,0.02930988542499334
shopping_net,0.22821742605915268
shopping_pos,0.1123101518784972
travel,0.015454303224087397
